DATE_TIME,PLANT_ID_x,DC_POWER,AC_POWER,DAILY_YIELD,TOTAL_YIELD,PLANT_ID_y,AMBIENT_TEMPERATURE,MODULE_TEMPERATURE,IRRADIATION
2020-05-15 05:00:00,4135001.0,0.0,0.0,0.0,6450830.5,4136001.0,24.966925581896554,23.906986185919543,0.00070951362625
2020-05-15 06:00:00,4135001.0,558.82589274,54.26964284975,13.00000000025,7160322.25,4136001.0,24.835316366666664,24.6822418454023,0.04498273105390802
2020-05-15 07:00:00,4135001.0,1927.08125,188.8936607,146.60714285,6874185.7145,4136001.0,26.32363677097701,31.549644434482758,0.3370788839913793
2020-05-15 08:00:00,4135001.0,3986.140476,391.356190475,437.7809524,6433822.8285,4136001.0,28.369424680459765,37.96213487068965,0.5401636247442528
2020-05-15 09:00:00,4135001.0,5088.5,498.246428575,872.2142856,6699903.993,4136001.0,30.41930731666666,43.70039951206897,0.7282678933160919
2020-05-15 10:00:00,4135001.0,6818.7410715000005,667.18125,1477.19196425,6739058.692,4136001.0,32.64904476637931,48.051133037068965,0.8885846425747126
2020-05-15 11:00:00,4135001.0,7204.8080355,704.9169643,2175.9017855,6739757.402000001,4136001.0,34.3792081178161,54.54576035977012,0.9674060965143677
2020-05-15 12:00:00,4135001.0,8915.802083499999,871.530208325,2943.28125,6221029.829,4136001.0,35.875745016379305,57.92361523850575,0.9648589427787356
2020-05-15 13:00:00,4135001.0,6951.6785715000005,680.770535725,3769.83035725,6716037.5625,4136001.0,36.72582925747126,56.84454132557472,0.8980464986522989
2020-05-15 14:00:00,4135001.0,8123.2151785,794.672678575,4504.6401785,6703534.332,4136001.0,37.17016487011494,52.26843980086207,0.7579463821408046
2020-05-15 15:00:00,4135001.0,6028.1875,590.54107145,5284.7276784999995,6703152.72775,4136001.0,36.89602410229885,47.205336685632176,0.5532990097327586
2020-05-15 16:00:00,4135001.0,4548.48660725,446.31651784999997,5849.74553575,6901332.2455,4136001.0,36.474886304310346,42.05731890488506,0.3424348220402298
2020-05-15 17:00:00,4135001.0,1579.21428575,154.527678575,6172.95089275,6439559.43325,4136001.0,35.392850151149425,36.50967177902298,0.1081916569965517
2020-05-15 18:00:00,4135001.0,91.90714285,8.878571427499999,6117.8214284999995,6472408.61325,4136001.0,33.74811736810344,32.096667521264365,0.007762987893432725
2020-05-15 20:00:00,4135001.0,0.0,0.0,6157.5,7072649.0,4136001.0,30.96078337816092,28.171867269827583,3.010655439655e-05
2020-05-16 05:00:00,4135001.0,0.0,0.0,0.0,6757043.25,4136001.0,23.64376012097701,21.354359981321842,0.000367908764
2020-05-16 06:00:00,4135001.0,523.080357135,50.736160714,14.1339285725,6537999.134,4136001.0,24.488327995114943,23.569068226149426,0.049175357920775827
2020-05-16 07:00:00,4135001.0,2365.294643,231.975,147.9776785725,7166751.22775,4136001.0,26.878127291666665,29.697413168390803,0.23648790087183913
2020-05-16 08:00:00,4135001.0,5282.42410725,518.036607125,511.51339285,6728641.013499999,4136001.0,29.27775008362069,43.188546833045976,0.5148373138936782
2020-05-16 09:00:00,4135001.0,6136.59821425,601.258035725,1061.2991071000001,6754521.29925,4136001.0,31.356260645402294,52.614723490517235,0.7263926339425287
2020-05-16 10:00:00,4135001.0,7971.6785712500005,780.17142855,1783.0714285,6689668.0715,4136001.0,33.255594465517234,58.74669145287356,0.8626396116436782
2020-05-16 11:00:00,4135001.0,7604.6026787499995,744.3910714250001,2540.5848215,6513554.58475,4136001.0,34.824630184770115,62.84997830775862,0.955209181295977
2020-05-16 12:00:00,4135001.0,9464.879465,925.5879465,3322.388393,6741208.88825,4136001.0,35.999811908620686,59.53829898132184,0.7006361842701148
2020-05-16 13:00:00,4135001.0,8932.65178525,873.660714225,4298.09375,6476708.09375,4136001.0,35.88621249022989,54.65864055201149,0.6685714245229885
2020-05-16 14:00:00,4135001.0,7216.3660715000005,706.576339275,5064.1473215,6477474.14725,4136001.0,35.158295846551724,48.779589715804605,0.6524016848017241
2020-05-16 15:00:00,4135001.0,5377.2098215,527.19151785,5698.2723212500005,6749401.2725,4136001.0,34.41113480689655,42.321948845977005,0.3631370673591954
2020-05-16 16:00:00,4135001.0,2698.8660715,264.84776785,6104.2544645,6478514.25425,4136001.0,33.21914424798851,37.25218594252873,0.1563213533215517
2020-05-16 17:00:00,4135001.0,1380.51785725,134.81875,6325.794643,6677574.7945,4136001.0,31.287748216954025,30.642342499425283,0.03202555973764362
2020-05-16 18:00:00,4135001.0,130.285714275,12.592857145,6343.0714284999995,6501783.5715,4136001.0,29.343534447126437,26.19910447270115,0.000561636082761475
2020-05-16 19:00:00,4135001.0,0.0,0.0,6361.25,6711460.25,4136001.0,29.860493117241383,28.503048024712644,0.0003783941691281583
2020-05-17 04:00:00,4135001.0,0.0,0.0,0.0,6727038.5,4136001.0,24.657507652298847,23.161558972701147,1.1197060858333331e-05
2020-05-17 05:00:00,4135001.0,0.0,0.0,0.0,6709160.75,4136001.0,24.687412416091952,23.102744380172414,2.3496763844827582e-05
2020-05-17 06:00:00,4135001.0,358.9017857,34.774107145,8.5535714275,6429390.8035,4136001.0,25.047627615229885,24.309674456896552,0.020345673924080425
2020-05-17 07:00:00,4135001.0,2678.6160715,262.72098215,134.99553571,6973133.4955,4136001.0,26.534753045402297,28.590435852011492,0.11996992321120685
2020-05-17 08:00:00,4135001.0,5773.19196425,565.77098215,555.624999975,6231075.12525,4136001.0,29.35839642557471,42.74446732729886,0.46885442606609185
2020-05-17 09:00:00,4135001.0,8094.9464285,792.177232125,1222.183035725,6199032.183,4136001.0,31.04778758333333,48.6591020275862,0.6633044615287356
2020-05-17 10:00:00,4135001.0,10539.8660715,1029.453571425,2136.9910715,6431519.491,4136001.0,32.52578689856322,50.15019534942529,0.6668502075718391
2020-05-17 11:00:00,4135001.0,11382.714285,1110.66964275,3166.4955355,6481945.49575,4136001.0,33.761205697126435,48.83689366551724,0.5948765272011494
2020-05-17 12:00:00,4135001.0,9187.8348225,897.86383925,4126.05803575,6728865.058,4136001.0,34.21890991178161,49.23511059109195,0.607318401612069
2020-05-17 13:00:00,4135001.0,7459.58928575,729.594642875,5019.86160725,6915342.861500001,4136001.0,35.71828411235632,56.17623061609195,0.7511496296781609
2020-05-17 14:00:00,4135001.0,6811.5,666.446875,5669.6875,6714830.4375,4136001.0,36.61635713390805,51.98339552931034,0.6473845409367817
2020-05-17 15:00:00,4135001.0,7238.7455355,708.6200893,6485.71875,6435867.96875,4136001.0,35.663304688793104,42.13832030862069,0.27704410415229885
2020-05-17 16:00:00,4135001.0,4768.0669645,467.625446425,6984.90178575,6734023.40175,4136001.0,35.919488064814814,42.8133075074074,0.35402333207407394
2020-05-17 17:00:00,4135001.0,1451.83928575,141.84776785,7206.09821425,6237725.59825,4136001.0,35.242389190804595,37.20280244310344,0.11120672402614938
2020-05-17 18:00:00,4135001.0,112.928571425,10.90357143,7306.96428575,6732045.96425,4136001.0,33.79136377672414,32.94870741954023,0.02465758992870685
2020-05-17 22:00:00,4135001.0,0.0,0.0,7339.25,6734377.75,4136001.0,26.433198839942527,25.11329428189655,0.001156316314543075
2020-05-17 23:00:00,4135001.0,0.0,0.0,7275.25,6237794.75,4136001.0,24.867290925287357,24.882835241954027,0.00022221190535055
2020-05-18 03:00:00,4135001.0,0.0,0.0,0.0,6486086.25,4136001.0,24.772977652586206,24.407783630747126,3.192229678160919e-05
2020-05-18 04:00:00,4135001.0,0.0,0.0,0.0,6703201.75,4136001.0,22.275082941954025,22.01598272270115,7.709379521665e-05
2020-05-18 05:00:00,4135001.0,0.0,0.0,0.0,7182779.0,4136001.0,21.35844896034483,21.1806569841954,6.949939163793102e-06
2020-05-18 06:00:00,4135001.0,568.9419643,55.1754464325,15.883928569999998,6554979.88375,4136001.0,21.86668776867816,21.225791750287353,0.001526716593856
2020-05-18 07:00:00,4135001.0,2283.5,223.865625,165.21875,6764806.71875,4136001.0,22.76378236465517,22.00621331781609,0.01942963168160915
2020-05-18 08:00:00,4135001.0,1602.01785725,156.59598215,362.084821425,6973463.58475,4136001.0,24.781814083620688,28.702566202586205,0.25169166867931037
2020-05-18 09:00:00,4135001.0,1600.16071425,156.487500025,521.602678575,6952014.85275,4136001.0,27.151274472413792,37.387678665229885,0.5443857306465517
2020-05-18 10:00:00,4135001.0,3102.34821425,304.24017857499996,697.76785715,6519377.768,4136001.0,28.149675950287357,39.45058857816092,0.5649784911609195
2020-05-18 11:00:00,4135001.0,6240.12053575,611.348214275,1229.13392875,6951304.63375,4136001.0,29.36219872212644,44.81486569856322,0.7523349639712643
2020-05-18 12:00:00,4135001.0,7999.37053575,782.953125,1860.7946430000002,6310863.294500001,4136001.0,30.396107962068964,49.042969565229875,0.8283207015316092
2020-05-18 13:00:00,4135001.0,10544.80357025,1029.5544644,2746.6830357500003,6721536.433,4136001.0,31.615798626436785,49.09049890804597,0.8063493197327585
2020-05-18 14:00:00,4135001.0,6776.7589284999995,663.40401785,3649.1875,6489735.4375,4136001.0,33.110959745689655,50.198058029310346,0.720863695704023
2020-05-18 15:00:00,4135001.0,7468.0625,731.171875,4345.375,6529045.625,4136001.0,33.65914666896552,44.81929476494252,0.44915767814080465
2020-05-18 16:00:00,4135001.0,4064.1875,398.79017857499997,4861.49553575,6756244.9955,4136001.0,33.553339800287354,40.47304616063218,0.30944061093678155
2020-05-18 17:00:00,4135001.0,1436.92857125,140.3544643,5245.13839275,6458737.638499999,4136001.0,31.7155119795977,33.43189843620689,0.1098477281623563
2020-05-18 18:00:00,4135001.0,105.785714275,10.235714285,5279.3214284999995,6985618.5715,4136001.0,30.43552587356322,29.426926060919534,0.015502175458649393
2020-05-19 05:00:00,4135001.0,0.0,0.0,0.0,6724049.25,4136001.0,24.92655847672414,23.671107075862068,8.8686151724125e-05
2020-05-19 06:00:00,4135001.0,249.674107125,24.2102678575,4.678571429,6210491.67875,4136001.0,24.897131938793105,24.616528558620693,0.04647728742393675
2020-05-19 07:00:00,4135001.0,2712.5267857500003,266.125446425,149.76785715,6458956.767750001,4136001.0,25.92675043275862,29.922297507183913,0.2597220483821839
2020-05-19 08:00:00,4135001.0,3019.10714275,296.18303572499997,403.58928572499997,6524236.08925,4136001.0,26.701240546551723,32.547745210919544,0.31418957157471267
2020-05-19 09:00:00,4135001.0,6527.8839284999995,639.404464275,886.76339285,6492206.513499999,4136001.0,27.350022533620688,33.71629534195403,0.307355591979885
2020-05-19 10:00:00,4135001.0,7257.10714275,710.255357125,1591.9866069999998,6725641.236749999,4136001.0,29.211449133045974,42.42830982643678,0.6763218662011494
2020-05-19 11:00:00,4135001.0,6689.361110999999,654.5672619000001,2225.793651,6587156.460333333,4136001.0,31.02452680344827,50.225596398467424,0.9461819690957852
2020-05-19 12:00:00,4135001.0,11292.25,1102.9375,3636.875,7176222.875,4136001.0,32.72729192183908,51.45144989655172,0.8390941324482759
2020-05-19 13:00:00,4135001.0,8646.21875,845.8044643000001,4177.2410715000005,6992136.991,4136001.0,33.49235024396552,51.350157715229884,0.8010326513160919
2020-05-19 14:00:00,4135001.0,9513.0,930.34598215,5061.9464287499995,6977431.19625,4136001.0,34.33182278965518,49.18193725028736,0.6150272853448275
2020-05-19 15:00:00,4135001.0,6155.58928575,603.10089285,5710.857143,6529543.357,4136001.0,29.660101222475365,34.09505112233169,0.1859875400586309
2020-05-19 16:00:00,4135001.0,4592.678571333333,450.7529762,6574.291666666667,6855341.958333333,4136001.0,23.542862149233716,21.762766000957853,0.03510046022777777
2020-05-19 17:00:00,4135001.0,1607.910714325,157.2790178475,6865.4776787499995,7146018.9775,4136001.0,23.3906906045977,21.967816944827586,0.008200073832442475
2020-05-19 18:00:00,4135001.0,0.0,0.0,6914.75,7135695.5,4136001.0,23.135593995977008,21.61369444827586,0.004263273759396525
2020-05-19 19:00:00,4135001.0,0.0,0.0,6921.0,7146074.5,4136001.0,22.669023025,21.11476106178161,0.0006590255419540006
2020-05-19 20:00:00,4135001.0,0.0,0.0,6790.0,6217277.0,4136001.0,24.049062805459766,22.513355123850577,0.00200902456120395
2020-05-19 21:00:00,4135001.0,0.0,0.0,6794.0,6769483.25,4136001.0,24.20521849597701,23.17130937557471,9.062579973389167e-05
2020-05-20 00:00:00,4135001.0,0.0,0.0,0.0,6521123.0,4136001.0,23.95994199224138,21.98624781695402,4.246119337354655e-05
2020-05-20 04:00:00,4135001.0,0.0,0.0,0.0,6946762.5,4136001.0,24.087575845977014,22.7579346295977,8.273628068965517e-06
2020-05-20 05:00:00,4135001.0,0.0,0.0,0.0,6994765.25,4136001.0,23.842045314655174,22.119149703160918,0.0001183679768
2020-05-20 06:00:00,4135001.0,530.31250001,51.40714285825,16.754464286,6979186.7545,4136001.0,23.760435139080457,22.979005422988504,0.04523666558821835
2020-05-20 07:00:00,4135001.0,2840.049107,278.746875,160.562500015,6530612.8125,4136001.0,24.74599372873563,28.160722891379308,0.23144749231120687
2020-05-20 08:00:00,4135001.0,6142.357143,601.7875,619.919642875,6217896.9195,4136001.0,26.284628586494254,34.85121763045978,0.4453529406609195
2020-05-20 09:00:00,4135001.0,8393.78125,821.41473215,1311.63839275,6745374.3885,4136001.0,27.936638645114947,41.24608244367816,0.6359373358333333
2020-05-20 10:00:00,4135001.0,10591.3973225,1035.11071435,2244.4017857500003,6964687.90175,4136001.0,29.257386013793102,46.3345765979885,0.8432540555718391
2020-05-20 11:00:00,4135001.0,12036.455357499999,1173.947768,3389.9285715,6931083.6785,4136001.0,30.772433752873564,50.40092835143679,0.8938571728505748
2020-05-20 12:00:00,4135001.0,12615.638392500001,1230.11071425,4594.8080355,6470232.05825,4136001.0,31.96463612356322,52.09817373620689,0.903791150683908
2020-05-20 13:00:00,4135001.0,11604.27143,1132.2085715,5286.4142855,6287378.4145,4136001.0,32.9557376770115,53.090224686206895,0.8874738907241378
2020-05-20 17:00:00,4135001.0,1662.2142855,162.62142855000002,8450.7857145,6787263.2855,4136001.0,32.974361116666664,35.055195616666666,0.13525224798333324
2020-05-20 18:00:00,4135001.0,307.83928572499997,29.8241071425,8657.80803575,6225934.808,4136001.0,31.323848673563223,30.70175926810345,0.02980368552888215
2020-05-21 07:00:00,4135001.0,3109.2,305.54,298.2,6355336.2,4136001.0,26.114782965517243,32.13542331034482,0.330876642413793
2020-05-21 08:00:00,4135001.0,5943.0,582.3,535.035714275,6739992.71425,4136001.0,27.230084199999997,36.71326411522988,0.46327629416379307
2020-05-21 09:00:00,4135001.0,9144.09821425,894.349553575,1288.00446435,6227229.0045,4136001.0,29.12938233678161,44.040535284770115,0.6655133360977011
2020-05-21 10:00:00,4135001.0,8037.03571475,785.50803575,2049.77678575,6476471.24125,4136001.0,30.73498309310345,51.69515996522988,0.8417500522902299
2020-05-21 11:00:00,4135001.0,12166.82589,1186.73437475,3013.09375025,6541918.5934999995,4136001.0,31.86840281925288,53.257789933333335,0.9146640874367816
2020-05-21 12:00:00,4135001.0,9674.39732075,944.8191963250001,4134.34821425,6510765.53125,4136001.0,33.58202024827586,56.9616558663793,0.9252676220459769
2020-05-21 13:00:00,4135001.0,11195.46875,1092.503125,5193.5089284999995,6744634.259,4136001.0,34.380491761781606,56.35225836408046,0.8692071140689654
2020-05-21 14:00:00,4135001.0,8268.8660715,808.51160715,6130.1964285,6761177.4465,4136001.0,35.319677811206894,55.054968739367816,0.7569268180402298
2020-05-21 15:00:00,4135001.0,6866.5714287499995,672.403571425,6883.642857,6743972.643,4136001.0,35.62809694626437,49.33581385316092,0.5380840493275862
2020-05-21 16:00:00,4135001.0,3522.9955357500003,345.978571425,7401.55803575,6465015.558,4136001.0,35.8056274933908,44.396367663218385,0.35566347735057474
2020-05-21 17:00:00,4135001.0,701.28125,67.9870535725,7670.51785725,6979920.767750001,4136001.0,35.04476125287357,38.07534302155173,0.16254760432011492
2020-05-21 18:00:00,4135001.0,111.678571425,10.7892857125,7824.1785715,7149817.9285,4136001.0,32.86630674942529,31.434754541666667,0.02227378317192815
2020-05-22 05:00:00,4135001.0,0.0,0.0,0.0,7196282.5,4136001.0,23.302523422413795,21.325542039367814,0.000462604807249975
2020-05-22 06:00:00,4135001.0,698.245535725,67.7602678575,23.4196428575,6770271.669749999,4136001.0,23.66522095057471,22.25006686465517,0.056006102292241344
2020-05-22 07:00:00,4135001.0,3439.80357125,337.6486607,203.102678575,6801610.8525,4136001.0,25.603517543390808,30.024847748563218,0.2735581817528735
2020-05-22 08:00:00,4135001.0,4009.1309525,393.211607125,616.254464275,6770864.5045,4136001.0,27.678156728735633,37.92680570229885,0.5016971141925287
2020-05-22 09:00:00,4135001.0,5453.25,534.51473215,1058.47767865,6748122.4775,4136001.0,29.505034291954022,48.05103572356322,0.7319546369827585
2020-05-22 10:00:00,4135001.0,7185.60714275,703.056696425,1697.15625,7012815.65625,4136001.0,31.20124073132184,55.69032351810345,0.8894124080114942
2020-05-22 11:00:00,4135001.0,10069.48660725,983.0495536,2501.76339275,6539855.013499999,4136001.0,32.48268805431034,58.656824758620694,0.9489018215258621
2020-05-22 12:00:00,4135001.0,11312.611607499999,1104.0848215,3656.07589275,6718568.825999999,4136001.0,33.986594491666665,61.77629503563219,0.9327338484137931
2020-05-22 13:00:00,4135001.0,10371.473215,1012.471875,4663.607143,7015782.107,4136001.0,35.01621375344827,63.04258891293103,0.8835316998247126
2020-05-22 14:00:00,4135001.0,9991.12053575,975.93973215,5596.45535725,7001135.205250001,4136001.0,35.84694644482758,60.67049043247127,0.7754186861063218
2020-05-22 15:00:00,4135001.0,6248.4464284999995,611.97901785,6415.580357,6753479.5805,4136001.0,36.43468175229884,54.051786212356326,0.5893762129856321
2020-05-22 16:00:00,4135001.0,2512.78125,246.611607125,6846.81696425,6808254.567,4136001.0,36.7930942887931,46.866646984482756,0.37795294546839076
2020-05-22 17:00:00,4135001.0,1030.169642825,100.365624995,7015.5357145,6986974.535499999,4136001.0,36.502759793103436,39.67339706580459,0.1626082490017241
2020-05-22 18:00:00,4135001.0,97.5,9.4066964275,6975.93303575,6521144.933,4136001.0,33.54469348534483,31.3580726183908,0.010346252584939616
2020-05-23 06:00:00,4135001.0,683.1666667,66.2,26.16666667,7234619.167,4136001.0,24.972080400000007,24.083968033333335,0.0874251922333333
2020-05-23 07:00:00,4135001.0,2461.14285725,241.4401785725,123.660714295,6560086.41075,4136001.0,26.430178745977013,30.224067255172415,0.2751546588505747
2020-05-23 08:00:00,4135001.0,6338.73660725,620.9839285749999,543.642857125,6786719.393,4136001.0,28.93606557729885,41.945976201724136,0.5101137652528736
2020-05-23 09:00:00,4135001.0,8400.9910715,821.961160725,1311.83928575,6522458.58925,4136001.0,31.29867714597701,50.25772601637931,0.7226544230172414
2020-05-23 10:00:00,4135001.0,8469.6160715,828.43839285,2158.4285715,6523305.1785,4136001.0,33.16118291091954,55.303178734770114,0.8765772236350573
2020-05-23 11:00:00,4135001.0,11681.28125,1139.6308035000002,3212.41964275,6796112.919749999,4136001.0,34.08608046695403,57.15368445316092,0.947519010612069
2020-05-23 12:00:00,4135001.0,11494.566965,1122.0285712500001,4339.732143,6525486.482,4136001.0,35.1736183479885,58.926582890804596,0.9188181049137931
2020-05-23 13:00:00,4135001.0,11459.13393,1118.196875,5416.986607,6726121.98675,4136001.0,36.36531348850575,57.047868015804596,0.8613151015833334
2020-05-23 14:00:00,4135001.0,8100.8883925,792.53125,6467.71428575,6550855.71425,4136001.0,37.50225972873562,56.97590893850574,0.7634639039741379
2020-05-23 15:00:00,4135001.0,7177.50446425,702.7375,7171.28125,6761255.78125,4136001.0,37.85860403908046,53.663368061206896,0.578923617255747
2020-05-23 16:00:00,4135001.0,5614.16071425,550.3419643,7908.544643,6816383.7945,4136001.0,38.03042174109195,47.55295420344827,0.36219123429022987
2020-05-23 17:00:00,4135001.0,2469.87946425,242.440178575,8258.2276785,6785583.97775,4136001.0,37.73244656293104,41.121525789655166,0.15367997174999995
2020-05-23 18:00:00,4135001.0,486.232142785,47.25,8422.700893,6481903.45075,4136001.0,35.02693686580459,33.195104551724135,0.020341224811178126
2020-05-24 05:00:00,4135001.0,0.0,0.0,0.0,6248938.0,4136001.0,25.08176200948276,23.215793125000005,0.000333646985583325
2020-05-24 06:00:00,4135001.0,596.808035725,57.88794643,17.629464286,6480544.3795,4136001.0,25.414160699425288,24.65419299367816,0.0524536704907758
2020-05-24 07:00:00,4135001.0,2825.36607125,277.30044645,171.84375001,6497680.34375,4136001.0,27.000483640804596,30.933628185057472,0.24658356042413793
2020-05-24 08:00:00,4135001.0,5157.77678575,505.6575893,565.9107143,6808175.66075,4136001.0,28.915177941091958,39.67110371436782,0.4804508799827586
2020-05-24 09:00:00,4135001.0,6708.34821425,656.9883928500001,1208.3660715,6714710.116,4136001.0,30.886964553448276,49.21111476896552,0.6949713875517242
2020-05-24 10:00:00,4135001.0,9060.92857075,885.189732125,1933.83035725,6777585.080250001,4136001.0,32.606127998850575,55.19787270086207,0.857159628617816
2020-05-24 11:00:00,4135001.0,11042.27232,1077.4848215,2962.4375,6716464.1875,4136001.0,33.75942441178161,56.6960497841954,0.923619208663793
2020-05-24 12:00:00,4135001.0,11378.575892500001,1110.2160715,4084.1875,6533551.1875,4136001.0,35.00936692327586,57.632829402873554,0.9019959537787355
2020-05-24 13:00:00,4135001.0,10598.76339325,1034.735267925,5206.4464287499995,6534673.44625,4136001.0,35.98193558534483,57.54796373706896,0.8568749424224138
2020-05-24 14:00:00,4135001.0,8718.39732125,852.6330357,6161.34375,6535628.34375,4136001.0,37.10639604166667,56.66075400459769,0.7470768980689655
2020-05-24 15:00:00,4135001.0,5333.04910725,522.420982125,7051.736607,6966737.73675,4136001.0,37.669624365229886,52.45383768247126,0.565160184347701
2020-05-24 16:00:00,4135001.0,3764.2857142499997,369.213839275,7323.9285715000005,6782975.1785,4136001.0,38.66005467672413,48.32337957442529,0.35726079774999997
2020-05-24 17:00:00,4135001.0,2358.803571525,231.223214275,7654.875,6721156.625,4136001.0,38.545385164367815,41.043972049425285,0.15054274428678155
2020-05-24 18:00:00,4135001.0,267.4375,25.857589285,7641.80803575,6537108.808,4136001.0,35.607951547988506,33.82628132241379,0.0220275705073304
2020-05-25 06:00:00,4135001.0,564.352678575,54.745089285,14.22321428575,6824637.22325,4136001.0,25.57080018333333,25.401562408908045,0.0612221834238218
2020-05-25 07:00:00,4135001.0,2354.4151785,230.8892857,151.5089285675,6770342.25875,4136001.0,27.399984297126434,31.80838463678161,0.24857049168103446
2020-05-25 08:00:00,4135001.0,5549.92410725,543.7830357,538.415178575,6947014.04,4136001.0,28.758197366379306,37.620138097988516,0.4523369725689655
2020-05-25 09:00:00,4135001.0,9019.62053575,882.37544645,1282.1964286,6979687.1965,4136001.0,30.19812726293103,45.064411099137935,0.6730009832413794
2020-05-25 10:00:00,4135001.0,9666.580357499999,944.44910725,2103.0580357500003,6737975.808,4136001.0,31.74770793965517,50.940570133620696,0.8072469492011494
2020-05-25 11:00:00,4135001.0,12299.995535,1199.2375,3465.35714275,7239110.107249999,4136001.0,33.191455070689656,53.69172377816092,0.8898624796580459
2020-05-25 12:00:00,4135001.0,12412.200892500001,1210.58883925,4602.00446425,7023484.5045,4136001.0,34.33414370632184,56.2108369729885,0.9031912223649425
2020-05-25 13:00:00,4135001.0,11304.403275,1103.87276775,5507.1309525,6574551.881,4136001.0,35.596367032471264,57.2256823091954,0.8577277554741379
2020-05-25 14:00:00,4135001.0,9888.1785715,966.278571425,6503.06696425,6543618.317,4136001.0,36.608970789655174,56.32859460948276,0.7462079617413794
2020-05-25 15:00:00,4135001.0,8365.674107499999,818.533928575,7418.54910725,6544533.799000001,4136001.0,37.300918368103446,52.33670273103448,0.5690409627729884
2020-05-25 16:00:00,4135001.0,3933.06696425,385.128125,8411.35714275,6975984.35725,4136001.0,37.60846643247126,47.46817436321839,0.3481653153477011
2020-05-25 17:00:00,4135001.0,803.6874998999999,78.00133929,8423.08928575,6791841.58925,4136001.0,36.30214731465518,37.75287686522989,0.07830687050933904
2020-05-25 18:00:00,4135001.0,178.17410715,17.213839285,8443.75446425,6729713.5045,4136001.0,34.67198830517241,32.4592861933908,0.003884717606298775
2020-05-26 05:00:00,4135001.0,0.0,0.0,0.0,7023771.75,4136001.0,23.815267735632183,21.40443207126437,0.00035544171706895
2020-05-26 06:00:00,4135001.0,605.0,58.701785715,17.95535714325,6729735.2055,4136001.0,23.777313902873562,22.844360052011496,0.05068821044775858
2020-05-26 07:00:00,4135001.0,2867.7410715,281.518303575,172.6339285725,6545578.634,4136001.0,26.764722616666667,32.09714022816092,0.2610394822183908
2020-05-26 08:00:00,4135001.0,6131.174107,600.7035714250001,615.299107125,6546021.299249999,4136001.0,29.054501231896552,41.82514699913793,0.4912470128908045
2020-05-26 09:00:00,4135001.0,8983.7589285,878.87723215,1379.6517855,6265958.652,4136001.0,30.458565004597702,46.55942884568965,0.7025060709971265
2020-05-26 10:00:00,4135001.0,10575.392856,1032.59285725,2299.53571425,6547705.53575,4136001.0,32.02921026264367,51.20563734137931,0.8534733302183908
2020-05-26 11:00:00,4135001.0,9253.03125,903.929464275,3334.25,6548740.25,4136001.0,33.31181711465518,53.313419607758625,0.9207242004454024
2020-05-26 12:00:00,4135001.0,10647.892857499999,1039.137946325,4329.52678575,6798623.27675,4136001.0,34.59639214568966,54.79934596235632,0.9014474478218389
2020-05-26 13:00:00,4135001.0,9551.17410675,932.9991071,5185.4464285,6566900.4465,4136001.0,35.1053194724138,53.2617519908046,0.8032177645316092
2020-05-26 14:00:00,4135001.0,6076.6160715000005,594.86875,6138.81696425,7031287.317,4136001.0,35.62505140862069,52.65277499827586,0.7385845212068967
2020-05-26 15:00:00,4135001.0,6097.71875,597.376785725,6647.21875,6271226.21875,4136001.0,35.74636205287356,49.20588192643678,0.5784047462011493
2020-05-26 16:00:00,4135001.0,5647.83928575,553.489285725,7299.325892999999,6520766.075750001,4136001.0,36.0596787,45.00197140862068,0.3839832889080459
2020-05-26 17:00:00,4135001.0,1518.089285675,148.350446425,7646.99553575,7032795.4955,4136001.0,34.8638500841954,37.257017751724135,0.10314827231810339
2020-05-26 18:00:00,4135001.0,92.40625,8.93125,3908.65625,7010819.90625,4136001.0,33.487611908333335,32.66653989137931,0.0198486924148448
2020-05-27 05:00:00,4135001.0,0.0,0.0,0.0,6825195.25,4136001.0,25.71187353275862,24.76184662097701,0.00027574763260831666
2020-05-27 06:00:00,4135001.0,711.800000075,69.2564285725,18.628571429,6786361.30375,4136001.0,25.903523318103446,25.90769961494253,0.04842641205919537
2020-05-27 07:00:00,4135001.0,2676.89732125,262.670089275,172.584821425,6825367.83475,4136001.0,26.940213660344824,30.82986895287356,0.23966787585459767
2020-05-27 08:00:00,4135001.0,6003.08333325,588.246875,591.708333325,6576855.025,4136001.0,28.51951182212644,38.022625854597706,0.473641703841954
2020-05-27 09:00:00,4135001.0,7932.9151784999995,776.37839285,1320.18660725,6755814.361500001,4136001.0,30.281283206034487,45.455687282758625,0.690599768198276
2020-05-27 10:00:00,4135001.0,7690.375,752.409375,2057.77232125,7037326.5225,4136001.0,31.90369187356322,51.719738092241386,0.8469939346465517
2020-05-27 11:00:00,4135001.0,9957.29464175,972.462946525,2870.75,7045140.0,4136001.0,33.2711777020115,57.92970524166667,0.9216531644798849
2020-05-27 12:00:00,4135001.0,8502.29464275,831.091071425,3877.9955357500003,7023493.4955,4136001.0,34.424700907183905,60.718632674712644,0.9058972149827585
2020-05-27 13:00:00,4135001.0,5515.66964275,540.46964285,4527.26339275,6829722.513499999,4136001.0,35.09362923764368,58.77595816522988,0.8600611878103447
2020-05-27 14:00:00,4135001.0,5551.75,544.22410715,4997.15178575,6830192.40175,4136001.0,35.820443070402305,57.03270454770115,0.7493654776005747
2020-05-27 15:00:00,4135001.0,5829.35714275,571.0419642749999,5535.28125,6309678.53125,4136001.0,36.587212040229886,51.92642118563218,0.5719320574568965
2020-05-27 16:00:00,4135001.0,4840.53571425,474.383928575,6161.96875,6805732.21875,4136001.0,36.69535150229885,45.701975989942525,0.35834350034195395
2020-05-27 17:00:00,4135001.0,1460.727678675,142.725,6465.76785725,6808461.517750001,4136001.0,35.86766616896552,38.88871809137931,0.1583078518965517
2020-05-27 18:00:00,4135001.0,110.754464275,10.701785715,6495.0535715000005,6395727.8035,4136001.0,33.81000998965518,33.35954217212643,0.0327813767592816
2020-05-27 19:00:00,4135001.0,0.0,0.0,4963.75,6597292.0,4136001.0,31.868544949137934,30.36155042758621,3.738240086205e-05
2020-05-28 05:00:00,4135001.0,0.0,0.0,0.0,6527814.25,4136001.0,24.785546102298852,23.43603503448276,0.00018797400790515
2020-05-28 06:00:00,4135001.0,650.10714285,63.0973214275,18.72321428575,6790457.47325,4136001.0,24.591465584482762,23.80129537787356,0.04340952492830458
2020-05-28 07:00:00,4135001.0,2997.6785715,294.3160714,184.65625001,6510963.15625,4136001.0,25.833311768965515,29.581403675862063,0.25094035574683904
2020-05-28 08:00:00,4135001.0,6119.04464275,599.5058035750001,618.3125,7055668.8125,4136001.0,27.783055879597697,37.72878019396551,0.4939675081264368
2020-05-28 09:00:00,4135001.0,8919.422619,872.5785714250001,1373.0714285,6545280.67875,4136001.0,29.412893920402297,44.657553671551725,0.7125557098764367
2020-05-28 10:00:00,4135001.0,10380.986607499999,1013.95982125,2348.99999975,6513126.42875,4136001.0,31.120023960057473,51.08260128275862,0.8767789275718392
2020-05-28 11:00:00,4135001.0,11861.6785725,1157.1558034999998,3342.23214275,7058392.732249999,4136001.0,32.86182291034483,55.37024327356322,0.9391534685890803
2020-05-28 12:00:00,4135001.0,11965.07143,1167.10000015,4533.10714275,6548446.35725,4136001.0,34.27658129655172,56.007618041954025,0.9202848223505747
2020-05-28 13:00:00,4135001.0,10228.63392675,998.4272321,5576.41071425,7043591.16075,4136001.0,35.32186930258621,56.86129845977011,0.8742042367126437
2020-05-28 14:00:00,4135001.0,7578.4714285,741.134285725,6536.8,6750619.66675,4136001.0,36.087670987931034,53.74370672787356,0.772848085505747
2020-05-28 15:00:00,4135001.0,8189.43750025,801.368303575,7230.69196425,6566789.442,4136001.0,36.5137240454023,50.824042583908046,0.6018881602643678
2020-05-28 16:00:00,4135001.0,3589.1875,352.159375,7780.84375,6567342.927,4136001.0,36.302363434770115,44.32620785804598,0.3545416649913793
2020-05-28 17:00:00,4135001.0,1906.15625,186.65708335,8236.95833325,6536053.234999999,4136001.0,35.75350508986043,38.5578794828202,0.16130783548830044
2020-05-28 18:00:00,4135001.0,188.5267857,18.2133928575,8178.5089284999995,6798617.23825,4136001.0,34.105351108620695,33.30799239195402,0.0321762793656034
2020-05-28 19:00:00,4135001.0,0.0,0.0,8159.0,7046173.75,4136001.0,32.38847125890805,30.561131866666663,1.2151536666666672e-05
2020-05-29 06:00:00,4135001.0,987.3083333333334,96.13619047666667,22.76309523666667,6329331.029666667,4136001.0,24.87584083984674,24.74218332145594,0.06759844969042143
2020-05-29 07:00:00,4135001.0,2210.7142857500003,216.744196425,168.5982142975,6287338.59825,4136001.0,25.597133908045976,27.37355881005747,0.13471157365344824
2020-05-29 08:00:00,4135001.0,4390.25,430.900000025,470.53571427500003,6568211.03575,4136001.0,27.268151226724136,34.52292078965517,0.43281486584195394
2020-05-29 09:00:00,4135001.0,7359.87946425,720.43526785,1077.04464285,6817784.294749999,4136001.0,29.053952182183913,44.65779060603448,0.764650489724138
2020-05-29 10:00:00,4135001.0,10459.27678725,1021.4700893500001,1897.95535725,6601242.205250001,4136001.0,30.254997561781607,46.79503053879311,0.7188306769971264
2020-05-29 11:00:00,4135001.0,10783.83035725,1052.483928575,3028.2767857500003,6788453.52675,4136001.0,31.808487518103448,49.37933861637931,0.7637017132643679
2020-05-29 12:00:00,4135001.0,11120.674107499999,1085.646875,4067.50446425,6571808.0045,4136001.0,33.39244012701149,51.7315695413793,0.7145407408304597
2020-05-29 13:00:00,4135001.0,10808.03125,1055.174107225,5268.8526784999995,6541405.60275,4136001.0,34.326431604022986,49.30157696264368,0.5940139490114943
2020-05-29 14:00:00,4135001.0,7933.736607,776.50848215,6146.9464287499995,6804768.44625,4136001.0,35.29102199741379,48.61348638735632,0.5609990428850574
2020-05-29 15:00:00,4135001.0,7292.09375,713.99285715,6975.65178575,7053149.40175,4136001.0,36.2516401071839,49.50907042557471,0.5551696634252873
2020-05-29 16:00:00,4135001.0,4732.422619,464.3601190333333,7787.869047666667,6915273.869,4136001.0,37.34435919174504,48.28856035106235,0.39758196530546847
2020-05-29 17:00:00,4135001.0,1874.25,183.4098214275,7936.4776785,6544073.22775,4136001.0,36.92295839166667,41.41241697614942,0.19135848958448273
2020-05-29 18:00:00,4135001.0,138.64285715,13.401339285,7820.71428575,6326594.46425,4136001.0,35.096718835632174,33.91803887701149,0.025351149377821798
2020-05-30 05:00:00,4135001.0,0.0,0.0,0.0,7007104.25,4136001.0,23.767933591091953,22.38483703045977,0.000112523715
2020-05-30 06:00:00,4135001.0,578.866071475,56.1709821525,15.47321428575,6544169.47325,4136001.0,24.28196225086207,23.70854238649425,0.018984686728132125
2020-05-30 07:00:00,4135001.0,1992.5044645,195.239285725,144.7232142775,6607249.72325,4136001.0,25.732623323563217,27.157967610919542,0.11328490976350572
2020-05-30 08:00:00,4135001.0,3526.3794645,346.5,422.96428572499997,6295543.96425,4136001.0,26.449257116666665,29.45462910287356,0.20965594464367812
2020-05-30 09:00:00,4135001.0,5007.857143,491.20758930000005,834.790178575,6544988.79,4136001.0,26.778834264080462,32.81506564655172,0.4055249799885058
2020-05-30 10:00:00,4135001.0,4725.236607,463.54196427500005,1281.0892855,6608386.0895,4136001.0,29.18129235229885,41.647121800862074,0.6804371215431034
2020-05-30 11:00:00,4135001.0,8266.19196425,808.602678575,1928.29910725,6577557.799000001,4136001.0,32.13681778505747,51.18588623793104,0.9045918210517241
2020-05-30 12:00:00,4135001.0,11266.272322249999,1099.772321525,2932.611607,6811953.61175,4136001.0,33.76480879942529,53.045745246264374,0.7987043247614942
2020-05-30 13:00:00,4135001.0,10497.205357499999,1025.250446525,3964.736607,6812985.73675,4136001.0,35.6557333612069,56.05029744367816,0.8628847856293104
2020-05-30 14:00:00,4135001.0,10621.31250025,1038.112946325,4992.09375,6331588.59375,4136001.0,36.07789642528736,51.103820656609194,0.7737174219310344
2020-05-30 15:00:00,4135001.0,8408.21875,822.796875,5978.79464275,6828211.794749999,4136001.0,36.988954770977,48.60662980660919,0.6010727225948275
2020-05-30 16:00:00,4135001.0,5443.41071425,533.665178575,6804.830357,7016338.5805,4136001.0,36.41251372356322,43.59232855287357,0.38957835448275857
2020-05-30 17:00:00,4135001.0,2197.61160725,215.429910725,7003.74553575,6813595.2455,4136001.0,35.33540638421593,38.11367099862479,0.17633194938772573
2020-05-30 18:00:00,4135001.0,250.3080357175,24.22678571425,7195.7589284999995,6534305.009,4136001.0,33.566976933620694,32.90369745,0.02186781517245685
2020-05-31 05:00:00,4135001.0,0.0,0.0,0.0,7033860.0,4136001.0,26.065026249425287,24.813666522701155,0.00058650328967525
2020-05-31 06:00:00,4135001.0,595.723214285,57.78616071425,18.73214285725,6644583.732249999,4136001.0,26.56717278218391,26.774107763218392,0.05574447248275857
2020-05-31 07:00:00,4135001.0,1659.16964275,162.19285715,126.491071435,6567174.491,4136001.0,27.237210228735634,29.569722105747125,0.09489546051896547
2020-05-31 08:00:00,4135001.0,4504.58928575,441.79151785,393.272321425,7034253.27225,4136001.0,28.41581613218391,35.18565460114943,0.28804713868678156
2020-05-31 09:00:00,4135001.0,7188.464285,703.4875,992.27678575,7050550.52675,4136001.0,30.1286493045977,43.99490696206897,0.5243513233936781
2020-05-31 10:00:00,4135001.0,9395.535715,917.72723215,1720.5,6872265.0,4136001.0,32.09016489310345,49.95572559396552,0.6315186400488506
2020-05-31 11:00:00,4135001.0,8876.26339275,867.65401785,2744.07589275,7270031.576,4136001.0,33.28152463017241,52.11198691982758,0.5917995808735632
2020-05-31 12:00:00,4135001.0,9001.46875,879.5875,3552.46428575,6648117.46425,4136001.0,34.309793365804595,55.67538223103449,0.7231483862758621
2020-05-31 13:00:00,4135001.0,6541.82589275,639.9491071499999,4324.29910725,6851808.549,4136001.0,35.79002256752873,62.5981865841954,0.8900354043275862
2020-05-31 14:00:00,4135001.0,5830.38839275,569.78973215,5032.72321425,6834388.22325,4136001.0,33.50554806522988,49.272609187068966,0.5386630977586206
2020-05-31 15:00:00,4135001.0,2577.3705357500003,252.965625,5436.58035725,6773173.830250001,4136001.0,28.319330725287358,32.143202007758624,0.26606893234482754
2020-05-31 16:00:00,4135001.0,2136.7410715,209.54285715,5605.6339284999995,6588308.884,4136001.0,29.121774808908047,31.819254515517244,0.12880010295459768
2020-05-31 17:00:00,4135001.0,1523.31696425,148.894196425,5783.89285725,6588487.14275,4136001.0,29.564060844827587,30.41992908649425,0.05234891299022985
2020-05-31 18:00:00,4135001.0,234.6651785725,22.710267857250003,5868.1875,6837654.1875,4136001.0,29.04376616867816,28.56269676408046,0.013715851540864923
2020-05-31 19:00:00,4135001.0,0.0,0.0,5892.75,7071106.25,4136001.0,25.605218524999998,23.90434160862069,0.0006486972271120199
2020-05-31 20:00:00,4135001.0,0.0,0.0,5890.75,6572938.75,4136001.0,25.94875249454023,24.3317360545977,0.0006029907202741
2020-05-31 21:00:00,4135001.0,0.0,0.0,5872.25,6837658.25,4136001.0,25.520977082471266,24.280801712068964,9.596595e-07
2020-05-31 22:00:00,4135001.0,0.0,0.0,4400.5,6860774.25,4136001.0,25.178689072126435,24.961856753160916,1.3567656336206898e-05
2020-06-01 05:00:00,4135001.0,0.0,0.0,0.0,7054047.5,4136001.0,23.3252038295977,22.44989809454023,0.0001902959665517
2020-06-01 06:00:00,4135001.0,744.8660715,72.49151785,20.1964285725,7020364.9465,4136001.0,23.833097042528735,23.804101261206895,0.035968278180862
2020-06-01 07:00:00,4135001.0,3533.1875,346.768303575,213.8794642975,6557529.6295,4136001.0,25.06892992988506,28.583131824425287,0.12750046725402295
2020-06-01 08:00:00,4135001.0,5786.5535715,567.1107142999999,687.977678575,6620521.2275,4136001.0,26.104725293390803,31.420059926436785,0.30188094292816087
2020-06-01 09:00:00,4135001.0,6422.31696425,629.096875,1307.88839275,6309539.8885,4136001.0,28.553858849999997,44.32019190114943,0.7402988217327586
2020-06-01 10:00:00,4135001.0,10321.68303575,1007.8379464249999,2089.26785725,6559405.017750001,4136001.0,29.84609796091954,47.94436079310345,0.6380775657758619
2020-06-01 11:00:00,4135001.0,9688.674107499999,946.354017825,3016.450893,6622849.70075,4136001.0,30.60710433045977,41.82167113103448,0.40240798395402294
2020-06-01 12:00:00,4135001.0,5941.1964285,581.8299107,3801.77678575,6592376.27675,4136001.0,32.51237481724138,51.84970101149425,0.817254826454023
2020-06-01 13:00:00,4135001.0,8256.3660715,807.3215773750001,4457.8050595,6826480.30525,4136001.0,28.04717174583333,32.06091574166667,0.11453583302916664
2020-06-01 14:00:00,4135001.0,3459.2098215,339.242410725,5030.94196425,6842689.192,4136001.0,25.68760701321839,25.615773859770115,0.04299905501379307
2020-06-01 15:00:00,4135001.0,1979.7276785,193.84375,5237.5089287499995,6824816.00875,4136001.0,25.762787963505744,26.28959771005747,0.043067786058620626
2020-06-01 16:00:00,4135001.0,1723.87946425,168.87455355,5528.20089275,6545785.200999999,4136001.0,25.676401953735635,27.11764166264368,0.07195084219166663
2020-06-01 17:00:00,4135001.0,974.720238,94.68511905666666,5488.815476,7016363.815666667,4136001.0,24.741159120483342,24.43493113191866,0.0281046120629531
2020-06-01 18:00:00,4135001.0,209.38839285,20.2504464275,5661.0089284999995,6594235.509,4136001.0,23.587878258045976,23.340126852801724,0.00035482546865156376
2020-06-02 05:00:00,4135001.0,0.0,0.0,0.0,7026004.5,4136001.0,22.99684687988506,22.089144704885054,0.0005629457923017
2020-06-02 06:00:00,4135001.0,430.66071427500003,41.6915178575,13.6339285725,6840832.634,4136001.0,23.287169622126434,23.194187013505747,0.07297642368160913
2020-06-02 07:00:00,4135001.0,1948.825893,190.88839285,129.92410713499999,6779555.17425,4136001.0,24.770701548850575,27.41960285747126,0.24174610722988502
2020-06-02 08:00:00,4135001.0,7099.1651784999995,695.103125,547.0625,6594786.8125,4136001.0,26.268908964080456,33.84721801982758,0.38725733379022986
2020-06-02 09:00:00,4135001.0,8576.25000025,838.85,1324.03571425,6595563.78575,4136001.0,27.43910457356322,35.04361024022989,0.4323660801982758
2020-06-02 10:00:00,4135001.0,7896.27678575,772.82098215,2208.794643,6316191.7945,4136001.0,28.474977153160918,39.98080845775863,0.49705028704310344
2020-06-02 11:00:00,4135001.0,6976.53125,683.05625,2927.44196425,6597167.192,4136001.0,29.911298397126433,48.9710538454023,0.7417658890172414
2020-06-02 12:00:00,4135001.0,9218.575892500001,901.402232025,3683.875,6847014.875,4136001.0,31.827209634482756,60.05966782672414,0.8972976864109196
2020-06-02 13:00:00,4135001.0,11411.53125,1114.0205355,4622.25446425,6630027.5045,4136001.0,33.029561939080466,56.45105995660919,0.8155384895258619
2020-06-02 14:00:00,4135001.0,7451.89285725,729.3,5634.6785715000005,6817674.6785,4136001.0,33.0097028954023,54.312019516666666,0.7403245491551724
2020-06-02 15:00:00,4135001.0,6367.64285725,623.678571425,6482.6785712500005,7036448.42875,4136001.0,32.33449562758621,45.72250754454023,0.44384119036408043
2020-06-02 16:00:00,4135001.0,4893.96428575,479.862053575,6980.64285725,6320963.642750001,4136001.0,31.84740486321839,41.82643465028736,0.38665815738505743
2020-06-02 17:00:00,4135001.0,1458.3169644,142.505357135,7306.1651785,6570380.41525,4136001.0,30.497593585632185,35.96466484396552,0.23569515135632182
2020-06-02 18:00:00,4135001.0,157.40476190249998,15.20476190275,7421.40476175,6958390.15475,4136001.0,28.539892494540226,28.99233350316092,0.044074303873839024
2020-06-03 05:00:00,4135001.0,0.0,0.0,0.0,6848065.25,4136001.0,23.812069485632186,22.944538881896555,0.000116449643499975
2020-06-03 06:00:00,4135001.0,473.0669642975,45.85044642825,12.879464286,7035930.6295,4136001.0,23.85915165229885,23.680646308908045,0.03468740709439652
2020-06-03 07:00:00,4135001.0,2402.89285725,235.635714275,142.3928571275,6832558.642999999,4136001.0,24.805235533908046,27.29350719109195,0.16357261151379304
2020-06-03 08:00:00,4135001.0,4531.27678575,444.745089275,493.90178572499997,6553809.65175,4136001.0,26.34057256752873,33.51961597557471,0.34444712499137925
2020-06-03 09:00:00,4135001.0,6007.65178575,588.66026785,1012.102678575,6851618.10275,4136001.0,27.38313328821839,35.79030011321839,0.389717845683908
2020-06-03 10:00:00,4135001.0,7635.16517825,747.2178571000001,1618.20089275,6353973.200999999,4136001.0,28.217649130459773,38.43229072959771,0.45020560849712643
2020-06-03 11:00:00,4135001.0,10570.504464,1032.64553565,2546.8705357500003,6323857.8705,4136001.0,29.67187004281609,44.64032421264368,0.6233337423764368
2020-06-03 12:00:00,4135001.0,10496.36607125,1025.559375,3578.8125,6854184.8125,4136001.0,30.345372400000002,43.66784597155173,0.5552839733448275
2020-06-03 13:00:00,4135001.0,9445.88392925,923.651339275,4517.6160715,6637042.116,4136001.0,28.11236435675287,34.03560039382184,0.3020071149051724
2020-06-03 14:00:00,4135001.0,9295.166666666666,908.7916666666666,5707.458333333333,6700577.791666667,4136001.0,29.876392760408688,41.49453957650064,0.5777620356283525
2020-06-03 15:00:00,4135001.0,8193.0714275,801.0178570749999,6599.78571425,6825907.78575,4136001.0,30.0162075362069,41.92086099655172,0.49607758866091956
2020-06-03 16:00:00,4135001.0,3742.07589275,367.149999975,7142.93303575,6608623.433,4136001.0,29.069256666666668,34.188523485919546,0.22054336546551723
2020-06-03 17:00:00,4135001.0,2978.049107,291.80714285,7619.12946425,6578055.6295,4136001.0,27.385194190804597,29.677503260632186,0.11748597667614938
2020-06-03 18:00:00,4135001.0,266.58928572499997,25.7803571425,7633.44196425,6840049.692,4136001.0,26.48057924770115,26.493812097126433,0.022859157139913776
2020-06-04 05:00:00,4135001.0,0.0,0.0,0.0,6578181.5,4136001.0,23.23754183333333,22.06143621724138,8.9025761534475e-05
2020-06-04 06:00:00,4135001.0,589.25,57.184375,16.40625,6840072.15625,4136001.0,23.607717645402296,23.346530841091955,0.035494053585747073
2020-06-04 07:00:00,4135001.0,2449.27678575,240.194642875,159.459821425,7087907.70975,4136001.0,24.766827892528735,28.38452917528736,0.16593117742758623
2020-06-04 08:00:00,4135001.0,5148.59821425,504.89642855,560.1160714499999,6795112.616,4136001.0,26.085492587068963,34.26369979827586,0.3468141893620689
2020-06-04 09:00:00,4135001.0,6630.87053575,649.240625,1135.4375,6610245.4375,4136001.0,27.206774860632187,38.344492504022995,0.47199042517241374
2020-06-04 10:00:00,4135001.0,10162.2812505,992.3620536249999,1890.1473215,6611000.14725,4136001.0,28.536154648850577,42.16048676149425,0.5581078182844827
2020-06-04 11:00:00,4135001.0,9543.05803675,932.490624975,2894.87500025,6331904.87475,4136001.0,29.899079445689654,49.064597625287355,0.8162111631206896
2020-06-04 12:00:00,4135001.0,9998.60267875,976.422321475,3840.450893,6612950.45075,4136001.0,32.06823763649426,55.15556533735632,0.8887426554396551
2020-06-04 13:00:00,4135001.0,10873.267857499999,1061.62098225,4857.73214275,6613967.732249999,4136001.0,32.30363339712644,52.53979562902299,0.6893911300833333
2020-06-04 14:00:00,4135001.0,8475.9598215,828.3535714249999,5788.3482145,6864069.848,4136001.0,29.616124981609197,37.58242551637931,0.35504988170402296
2020-06-04 15:00:00,4135001.0,8694.1875,850.49375,6478.8214284999995,6630856.5715,4136001.0,28.578436270689654,35.65006407385057,0.32360046955747124
2020-06-04 16:00:00,4135001.0,6080.6473212500005,595.709821425,7394.5401787499995,6850015.29,4136001.0,27.98695263821839,33.10373060948275,0.23961616516091952
2020-06-04 17:00:00,4135001.0,3215.4642855,315.72857145,7841.2857145,6863557.7855,4136001.0,28.0208131295977,31.037245991379308,0.12745958134482754
2020-06-04 18:00:00,4135001.0,309.875,30.05,7856.6875,6881405.9375,4136001.0,27.426303428448275,27.196445729022987,0.027147821653520074
2020-06-04 22:00:00,4135001.0,0.0,0.0,3731.0,6897093.0,4136001.0,24.315366481034484,23.11473504597701,4.926364326665e-05
2020-06-05 05:00:00,4135001.0,0.0,0.0,0.0,6586264.25,4136001.0,23.49770722471264,22.62057861925288,0.00023674116675
2020-06-05 06:00:00,4135001.0,559.022321425,54.264732142499994,13.92410714275,6863737.924000001,4136001.0,23.633294435632187,23.639648027298854,0.040030494448850554
2020-06-05 07:00:00,4135001.0,1882.76339275,184.41026785,137.5803571425,6850757.080250001,4136001.0,24.69485709137931,28.34860705948276,0.15459172206752872
2020-06-05 08:00:00,4135001.0,5425.95535725,531.5941964250001,458.950892875,6849597.45075,4136001.0,26.44539941465517,37.255380550862064,0.42136908497413794
2020-06-05 09:00:00,4135001.0,7995.919644,782.0312499,1187.8035714,7050520.8035,4136001.0,28.53166339712644,45.41292230545977,0.7119077911982759
2020-06-05 10:00:00,4135001.0,8707.915177750001,851.16160725,1964.0848215,6588228.33475,4136001.0,30.495267621264368,54.192188314367826,0.8682020264885058
2020-06-05 11:00:00,4135001.0,10675.0714285,1042.14375,2859.34375,6650707.09375,4136001.0,31.631126905172415,54.3257932816092,0.7725812908908045
2020-06-05 12:00:00,4135001.0,4384.45535725,430.35223214999996,3641.6651785,6340660.66525,4136001.0,32.78993595517242,57.34058060632184,0.9269888240689654
2020-06-05 13:00:00,4135001.0,9712.714286,948.8236606,4345.1651787499995,6590609.415,4136001.0,32.64050240488506,49.42343631954022,0.5820511793390805
2020-06-05 14:00:00,4135001.0,10008.88839275,977.366071425,5230.875,6653078.625,4136001.0,29.924124504022988,35.103718947413796,0.2823463872643678
2020-06-05 15:00:00,4135001.0,7050.0401784999995,689.69285715,6138.919643,6623194.9195,4136001.0,29.33785158132184,35.94406519022988,0.3229271829425287
2020-06-05 16:00:00,4135001.0,6182.0223215000005,605.67455355,6872.0625,6873173.4375,4136001.0,30.177323482471262,36.263540291666665,0.29821565177873555
2020-06-05 17:00:00,4135001.0,3451.77678575,338.794642875,7347.357143,6593611.607,4136001.0,30.51429745804598,34.37056058620689,0.18591726807614942
2020-06-05 18:00:00,4135001.0,433.65178575,42.077678575,7530.4375,6836388.1875,4136001.0,28.415621938218393,28.123899913793103,0.024284935634497073
2020-06-06 05:00:00,4135001.0,0.0,0.0,0.0,6904527.0,4136001.0,22.665397460057473,21.17955492126437,0.0005972256984999749
2020-06-06 06:00:00,4135001.0,663.73214285,64.50625,18.1785714275,6871272.4285,4136001.0,23.5045417933908,22.854170604597705,0.0542996059097988
2020-06-06 07:00:00,4135001.0,3565.6294642499997,350.1388393,217.486607165,6594025.2365,4136001.0,24.565669802586207,26.226867691379308,0.1052968740905172
2020-06-06 08:00:00,4135001.0,5836.6651784999995,571.952678575,673.5,6856249.5,4136001.0,26.54744194454023,35.50221579597701,0.468920970292816
2020-06-06 09:00:00,4135001.0,6685.65625,654.584375,1231.90625,7104639.65625,4136001.0,28.93352037183908,45.99096083132183,0.7228328586149425
2020-06-06 10:00:00,4135001.0,9039.3214285,883.134821425,2064.3348215,6812347.33475,4136001.0,30.662447178448275,50.64575665086207,0.8582073545086206
2020-06-06 11:00:00,4135001.0,8052.08928675,786.7821429,2906.70535725,6627408.20525,4136001.0,31.72637008045977,51.16044901666666,0.8674532610977012
2020-06-06 12:00:00,4135001.0,8699.6651785,849.8111607000001,3651.95089275,6628153.451,4136001.0,32.699650939367814,52.10318318304598,0.8729979925229885
2020-06-06 13:00:00,4135001.0,8268.843751,807.665178675,4529.450893,6349005.45075,4136001.0,33.0038603479885,48.54672707097701,0.717671715856322
2020-06-06 14:00:00,4135001.0,6131.55803575,599.3883928500001,5306.19196425,6629807.692,4136001.0,33.66635517557471,49.22447189770115,0.6767568096063219
2020-06-06 15:00:00,4135001.0,4034.5535714999996,396.07589285,5756.9017855,6630258.402,4136001.0,33.789433139367816,45.86863190143678,0.5269320361867816
2020-06-06 16:00:00,4135001.0,1699.77232125,166.0607143,6104.3125,6879937.5625,4136001.0,33.64432215086207,41.80578106091954,0.40274661273850576
2020-06-06 17:00:00,4135001.0,566.151785725,54.8321428575,6146.76339275,6630648.263499999,4136001.0,32.7105403841954,36.0772261566092,0.1835326770445402
2020-06-06 18:00:00,4135001.0,88.415178575,8.538839285,6234.66964275,6436266.419749999,4136001.0,30.58153092068966,30.214824658620692,0.0326891875187356
2020-06-07 03:00:00,4135001.0,0.0,0.0,0.0,6411898.5,4136001.0,23.313049797701147,21.446626024712643,1.9195114999999994e-06
2020-06-07 04:00:00,4135001.0,0.0,0.0,0.0,7332558.0,4136001.0,23.931837247413792,23.174973847126434,2.271426755e-05
2020-06-07 05:00:00,4135001.0,0.0,0.0,0.0,7113780.5,4136001.0,23.443208406034486,22.311062591954023,0.000501299162333325
2020-06-07 06:00:00,4135001.0,638.9107142925,62.145982143999994,16.714285715,6910695.71425,4136001.0,23.580715862068967,23.36763626178161,0.03654930155465513
2020-06-07 07:00:00,4135001.0,1986.60714275,194.753571425,153.76339285,6630829.763499999,4136001.0,24.569662163793105,27.53614937097701,0.13363057073965515
2020-06-07 08:00:00,4135001.0,3873.9375,380.493303575,435.522321425,6600498.77225,4136001.0,26.30561286235632,35.56890123793104,0.3497589023304598
2020-06-07 09:00:00,4135001.0,7670.5089284999995,750.83660715,1035.383928625,6862846.634,4136001.0,28.87661254683908,46.66177973505747,0.7268702591925287
2020-06-07 10:00:00,4135001.0,9020.892858250001,881.9571428,1744.892857,7111439.143,4136001.0,30.766650598850575,52.86396148821839,0.7991772128764367
2020-06-07 11:00:00,4135001.0,11779.098215,1149.69553575,2861.09375,6819455.34375,4136001.0,31.366494630172415,50.26432792068965,0.7919407346522989
2020-06-07 12:00:00,4135001.0,9773.919642500001,952.9589285,3828.3482142499997,6634504.34825,4136001.0,32.943811825,57.142692508620684,0.9572362615488506
2020-06-07 13:00:00,4135001.0,8027.125,783.382589275,4817.76339275,6635493.7635,4136001.0,33.283744295977016,51.958681232183906,0.7479884580632183
2020-06-07 14:00:00,4135001.0,8050.15624925,786.853125075,6156.65178575,6356829.65175,4136001.0,33.33995602844828,52.30812061666666,0.7522688371666666
2020-06-07 15:00:00,4135001.0,7437.57589275,727.69910715,6229.96875,6636905.96875,4136001.0,33.82396850431035,48.36282096465518,0.5355452109942529
2020-06-07 16:00:00,4135001.0,5347.89285725,523.980803575,6862.05803575,6637538.058,4136001.0,31.36876835057471,35.00080270517242,0.2205385793235632
2020-06-07 17:00:00,4135001.0,2443.0625,239.49464285000002,7314.25446425,6887380.5045,4136001.0,31.65422101781609,34.34763970172414,0.17336889247844825
2020-06-07 18:00:00,4135001.0,235.27678571,22.75758928575,6649.5714284999995,6652262.3215,4136001.0,30.186024654310348,29.778869604597702,0.03333065102982755
2020-06-07 19:00:00,4135001.0,0.0,0.0,7431.25,6871821.5,4136001.0,28.42106359137931,27.051916508333335,6.396263891666667e-06
2020-06-08 05:00:00,4135001.0,0.0,0.0,0.0,7071571.75,4136001.0,24.112920665804594,23.17740173534483,0.00046321496141665
2020-06-08 06:00:00,4135001.0,625.116071425,60.659375,19.45535714275,6608166.205250001,4136001.0,24.474809940517243,24.475828657183907,0.05220545156120687
2020-06-08 07:00:00,4135001.0,2322.3348215,227.67812500000002,149.0803571525,6668096.33025,4136001.0,25.697372645114942,30.597811047413792,0.276768661562069
2020-06-08 08:00:00,4135001.0,4866.81696425,477.40401785,506.06696427500003,6359198.067,4136001.0,27.084917358908044,36.864076764367816,0.416814588913793
2020-06-08 09:00:00,4135001.0,9574.8229175,935.8108631749999,1188.2797618250002,6886095.27975,4136001.0,28.738237917803993,40.83945919206716,0.6423484096092331
2020-06-08 10:00:00,4135001.0,11311.410715,1103.67946425,2255.41964275,7106322.16975,4136001.0,30.629607662931036,49.315663906896546,0.7875786471005748
2020-06-08 11:00:00,4135001.0,11043.2232135,1077.9491071749999,3375.2901785,7074947.04025,4136001.0,31.839491350000007,54.8034888275862,0.9077351518074712
2020-06-08 12:00:00,4135001.0,9691.89285725,947.188392825,4379.59375,6612526.34375,4136001.0,32.81481609885057,55.763400113218395,0.898921623520115
2020-06-08 13:00:00,4135001.0,9263.111607750001,904.669642825,5115.66071425,6673062.91075,4136001.0,33.424442592528735,51.903392762931034,0.7395554450545977
2020-06-08 14:00:00,4135001.0,10296.446429,1005.48616075,6195.20535725,6364887.205250001,4136001.0,34.48685319511494,54.544700435919545,0.8301859625258621
2020-06-08 15:00:00,4135001.0,8073.0089284999995,789.8874999999999,7174.46875,6615321.21875,4136001.0,34.629290011781606,49.88185533275862,0.6154171287356321
2020-06-08 16:00:00,4135001.0,4530.625,444.0357143,7529.138393,6675476.38825,4136001.0,33.94360006695402,41.57336122614943,0.3600095047068966
2020-06-08 17:00:00,4135001.0,2199.1651785,215.448660725,8021.02678575,6646068.02675,4136001.0,32.380612051724135,35.23877475660919,0.18425775756321836
2020-06-08 18:00:00,4135001.0,348.1919643,33.735714285,8175.049107,6879996.54925,4136001.0,30.86792323448276,30.775407788793103,0.04732397107392235
2020-06-08 19:00:00,4135001.0,0.0,0.0,8166.0,6864307.25,4136001.0,29.23063445545977,27.65845905,2.5474741637925e-05
2020-06-09 05:00:00,4135001.0,0.0,0.0,0.0,6646189.75,4136001.0,22.7804781204023,20.6005197295977,0.000198030893999975
2020-06-09 06:00:00,4135001.0,685.544642775,66.6147321525,20.517857143500002,6715069.51775,4136001.0,23.507084776724138,22.052157330172417,0.04842005912586205
2020-06-09 07:00:00,4135001.0,2411.65178575,236.541517875,185.0267857,7129700.77675,4136001.0,25.795891980172414,31.030811736494254,0.33607342401149426
2020-06-09 08:00:00,4135001.0,6282.74553575,615.502678575,604.4732143,6617024.973,4136001.0,27.301873303160917,36.0754341045977,0.47236237527298847
2020-06-09 09:00:00,4135001.0,9037.5,883.6366071499999,1306.629464175,6924157.3795,4136001.0,28.988929072701147,43.37446625948275,0.7005751221264368
2020-06-09 10:00:00,4135001.0,10187.0,994.240625,2237.1875,6835224.4375,4136001.0,30.63565110431034,50.969039774137926,0.836690184158046
2020-06-09 11:00:00,4135001.0,11971.9910725,1167.81875,3263.41964275,6896344.919749999,4136001.0,32.36535378534482,54.15243910747127,0.7699856139885058
2020-06-09 12:00:00,4135001.0,9047.2857135,883.96785715,4292.638393,6837279.88825,4136001.0,32.91342741896551,49.29303516178162,0.6619293639195402
2020-06-09 13:00:00,4135001.0,9815.236607499999,958.65491065,5147.1875,6651336.9375,4136001.0,33.55094418793104,50.29436321781609,0.6238156377614942
2020-06-09 14:00:00,4135001.0,6789.1651785,664.7013393,5911.50446425,6652101.2545,4136001.0,33.6106016979885,45.0475705704023,0.5150625956551723
2020-06-09 15:00:00,4135001.0,7910.37053575,774.296875,6683.46875,6373592.46875,4136001.0,33.50446884683908,42.25846187471264,0.4490554081810344
2020-06-09 16:00:00,4135001.0,5209.736607,510.856696425,7331.65625,6653521.40625,4136001.0,33.052784925,41.56602100948276,0.3839014384827586
2020-06-09 17:00:00,4135001.0,2330.6339285,228.563839275,7805.28571425,6903506.53575,4136001.0,31.673821745114942,34.04866750603449,0.13504237629367813
2020-06-09 18:00:00,4135001.0,325.991071425,31.574553570750002,7701.1473215000005,6683660.14725,4136001.0,30.144411398850576,30.102134830747126,0.026384952156953998
2020-06-09 19:00:00,4135001.0,0.0,0.0,7946.25,6872253.5,4136001.0,28.670659369252878,27.821829774712644,9.594396333333331e-06
2020-06-10 05:00:00,4135001.0,0.0,0.0,0.0,6858296.5,4136001.0,24.22522387270115,22.866974699425292,0.00026508103439655
2020-06-10 06:00:00,4135001.0,655.0535714325,63.585267856,18.53125000025,7153270.28125,4136001.0,24.590839604310347,23.984825239367815,0.026347763383965474
2020-06-10 07:00:00,4135001.0,2878.4955357500003,282.61071427499996,180.25446428499998,7137741.0045,4136001.0,25.223260530747126,26.825716973563217,0.10262034727183905
2020-06-10 08:00:00,4135001.0,4344.6651787499995,426.209821425,527.870535725,6904163.3705,4136001.0,26.82022493275862,34.67106731724138,0.3816781527097701
2020-06-10 09:00:00,4135001.0,7257.96428575,710.605803575,1117.66071425,6405520.66075,4136001.0,28.26151105143678,38.631230247701154,0.5342645254568965
2020-06-10 10:00:00,4135001.0,5971.6473215,585.1611607,1731.4910715,6902740.991,4136001.0,29.876364630172418,43.66831482701149,0.7006639042040228
2020-06-10 11:00:00,4135001.0,8495.2589285,830.19598215,2398.767857,7093057.518,4136001.0,31.48268405718391,50.762800906034485,0.7982025077011495
2020-06-10 12:00:00,4135001.0,11775.651785,1148.72633925,3365.15625,6888683.65625,4136001.0,32.99835651839081,55.809878024712646,0.8492767955373564
2020-06-10 13:00:00,4135001.0,9708.669643000001,948.669196425,4380.12946425,6611497.3795,4136001.0,33.44741416982759,46.233077586494254,0.47554146069540226
2020-06-10 14:00:00,4135001.0,5622.53125,550.154910725,5179.58035725,6908815.080250001,4136001.0,33.70672315833334,41.999481261206896,0.3221300307586207
2020-06-10 15:00:00,4135001.0,3439.71428575,337.665625,5417.46428575,6409820.46425,4136001.0,29.94979028362069,29.892401742487678,0.18086870715917486
2020-06-10 16:00:00,4135001.0,3855.45535725,378.362053575,5905.1875,6380660.1875,4136001.0,30.138510637356323,34.39159151091954,0.2470042711517241
2020-06-10 17:00:00,4135001.0,1867.3258930000002,182.684375,6221.4732145,6909856.973,4136001.0,28.31680275875131,27.939417624634274,0.022825322363166124
2020-06-10 18:00:00,4135001.0,157.79464285,15.252232142499999,6138.12053575,6689805.3705,4136001.0,27.15466567356322,24.8291969591954,0.0017030496868356032
2020-06-10 19:00:00,4135001.0,0.0,0.0,6244.0,6660263.25,4136001.0,25.50790412557471,23.717488762068964,6.4195522241375e-05
2020-06-10 20:00:00,4135001.0,0.0,0.0,6314.75,6894259.25,4136001.0,25.611876535632184,24.239278931034484,0.00061012410615225
2020-06-10 21:00:00,4135001.0,0.0,0.0,6319.25,6907328.75,4136001.0,25.378024186781605,24.631834903448276,1.444996032270115e-05
2020-06-11 02:00:00,4135001.0,0.0,0.0,0.0,6613466.25,4136001.0,24.22144108505747,23.403137516666668,2.879114444165e-05
2020-06-11 03:00:00,4135001.0,0.0,0.0,0.0,6630718.75,4136001.0,24.199523697988507,23.342821875862068,4.97950544278546e-05
2020-06-11 05:00:00,4135001.0,0.0,0.0,0.0,6847462.25,4136001.0,24.241451005747123,23.424112363793107,6.366077666665e-05
2020-06-11 06:00:00,4135001.0,257.71428572499997,24.9250000025,6.82142857175,6907335.5715,4136001.0,24.270913944827583,23.9291263795977,0.012822547755316025
2020-06-11 07:00:00,4135001.0,1359.419643,132.65133930000002,77.91964285,6847540.169749999,4136001.0,24.486179709770116,25.11047971178161,0.08169383377155168
2020-06-11 08:00:00,4135001.0,2902.5,284.875,287.41071427500003,6660550.66075,4136001.0,24.424910252011493,25.67653744367816,0.13990728324080456
2020-06-11 09:00:00,4135001.0,4189.8035715,411.48125000000005,635.071428575,6660898.3215,4136001.0,25.89939594166667,31.596863079310342,0.27275670297413795
2020-06-11 10:00:00,4135001.0,5442.75,533.459375,1107.78571425,6661371.03575,4136001.0,27.119365194827587,33.700571363505745,0.32491619570402297
2020-06-11 11:00:00,4135001.0,7638.51785725,747.8026785750001,1785.01785725,7096312.767750001,4136001.0,28.206250411494253,37.32904830833334,0.4668175556091954
2020-06-11 12:00:00,4135001.0,7841.0089284999995,767.450892875,2540.6964285,6909869.4465,4136001.0,29.258623137376848,40.00132786512726,0.42576251878304594
2020-06-11 13:00:00,4135001.0,6337.9151787499995,620.895982125,3248.1830357500003,6850710.433,4136001.0,29.504080479597704,36.22919598218391,0.3545242135287356
2020-06-11 14:00:00,4135001.0,7938.946429,776.820535675,3876.5401785,6664139.79025,4136001.0,28.457498726724136,34.79017111896551,0.2667977790603448
2020-06-11 15:00:00,4135001.0,6640.625,650.410267875,4593.424107000001,6664856.674249999,4136001.0,27.78503453994253,32.52472463793103,0.273626183341954
2020-06-11 16:00:00,4135001.0,3941.3660715,387.01473212499997,5159.6026787499995,6386191.6025,4136001.0,25.721639966954022,27.184012470114943,0.11756529933620685
2020-06-11 17:00:00,4135001.0,1641.040178475,160.4205357025,5393.21428575,6665656.46425,4136001.0,26.46584016465517,27.009677031609197,0.06234978091867813
2020-06-11 18:00:00,4135001.0,240.70535715,23.2915178575,5520.34375,6915470.34375,4136001.0,26.404957514080458,26.19503425114943,0.01980838416410915
2020-06-12 03:00:00,4135001.0,0.0,0.0,0.0,6619022.75,4136001.0,22.829055608908046,22.423975452011494,1.9195239999999994e-06
2020-06-12 05:00:00,4135001.0,0.0,0.0,0.0,6650050.0,4136001.0,23.24142765718391,22.769333532471265,0.00018267130404165
2020-06-12 06:00:00,4135001.0,293.73660715,28.436160715,6.9375,7145323.4375,4136001.0,23.450037429885057,23.56972687873563,0.029839897744971228
2020-06-12 07:00:00,4135001.0,1056.46875,102.72098214249999,77.1294642875,6853133.3795,4136001.0,24.21495776350575,26.549726643965514,0.130000724933908
2020-06-12 08:00:00,4135001.0,2874.21875,282.1575893,247.2857143,6665993.2855,4136001.0,25.028629468390804,28.778039450287352,0.1578240057916666
2020-06-12 09:00:00,4135001.0,5507.43303575,539.77276785,667.88839285,6666413.888499999,4136001.0,26.141746802586205,32.86074731465517,0.3124465449137931
2020-06-12 10:00:00,4135001.0,6988.8660712500005,684.3901785749999,1294.3035715,6637576.8035,4136001.0,26.2858323045977,30.591309782471267,0.18522161990632177
2020-06-12 11:00:00,4135001.0,8370.90625,818.980803575,2004.58928575,6899155.33925,4136001.0,26.49540324224138,34.2479489224138,0.43406988638678157
2020-06-12 12:00:00,4135001.0,8008.85714275,783.789285725,2868.16071425,7148184.66075,4136001.0,24.300983863793103,30.170769548563218,0.41920148948850566
2020-06-12 13:00:00,4135001.0,8347.2276785,816.84910715,3662.0580357500003,6856718.308,4136001.0,26.067513833908045,36.87735575028736,0.4576711574166667
2020-06-12 14:00:00,4135001.0,6970.142857000001,682.552678575,4372.825893,6670118.82575,4136001.0,26.77382615603448,35.34526458563218,0.3902292715545977
2020-06-12 15:00:00,4135001.0,5127.0535715000005,502.71339285,4949.53571425,6670695.53575,4136001.0,27.54334623448276,36.09433579367816,0.4004141087183907
2020-06-12 16:00:00,4135001.0,2695.9598215,264.450892875,5368.88839275,6391921.8885,4136001.0,27.77276271839081,32.33090247931034,0.1971037891997126
2020-06-12 17:00:00,4135001.0,1833.7276785,179.594196425,5551.15178575,6671297.15175,4136001.0,27.46613191235632,30.415084069540228,0.12904535456465518
2020-06-12 18:00:00,4135001.0,321.90625,31.190625,5663.0,6671409.0,4136001.0,25.6130305908046,26.097556606896553,0.0324889964671063
2020-06-13 05:00:00,4135001.0,0.0,0.0,0.0,6944768.75,4136001.0,22.49461777183908,22.148894228448274,0.000123776204827575
2020-06-13 06:00:00,4135001.0,521.946428575,50.6125000025,15.16071428475,6671431.16075,4136001.0,22.93654810086207,23.118789441091952,0.0420546038432471
2020-06-13 07:00:00,4135001.0,2950.4955355,289.560714275,166.92857145,6671582.9285,4136001.0,24.116372634482758,27.594653416954024,0.1839468579181034
2020-06-13 08:00:00,4135001.0,6112.5,598.84285715,607.5,6724981.25,4136001.0,25.35044408591954,32.21411704856322,0.3032149160373563
2020-06-13 09:00:00,4135001.0,7645.5223212500005,748.309375,1326.59821425,6922516.59825,4136001.0,26.445161670114942,36.40193908764368,0.43267859962643673
2020-06-13 10:00:00,4135001.0,10741.91964275,1048.581250075,2202.03571425,6876743.53575,4136001.0,28.324734672988505,44.621071679597705,0.5813230335833333
2020-06-13 11:00:00,4135001.0,12117.69643,1181.86116075,3263.78125,6464186.78125,4136001.0,29.416149143103446,43.659815236494254,0.6579326390172414
2020-06-13 12:00:00,4135001.0,11844.316965,1155.5973215,4447.3214285,6909935.0715,4136001.0,31.510654080172415,48.64196216867816,0.7914882852241378
2020-06-13 13:00:00,4135001.0,8909.52678575,870.942410725,5581.5982145,7170745.348,4136001.0,31.46020206436782,44.91548409827586,0.62131610225
2020-06-13 14:00:00,4135001.0,10430.41071325,1018.84241075,6319.3035715,6730693.0535,4136001.0,30.001444151724137,40.98311303390804,0.5605273359856321
2020-06-13 15:00:00,4135001.0,8719.38392925,852.57276785,7397.6339285,6633732.384,4136001.0,30.801659094252877,40.733812124425285,0.47217223713505735
2020-06-13 16:00:00,4135001.0,3826.28125,375.112946425,8159.388392999999,7383816.13825,4136001.0,30.460774188793103,36.849392890804594,0.30686309224080455
2020-06-13 17:00:00,4135001.0,1379.33482135,134.685714265,8213.6339285,7147773.134,4136001.0,29.081767110632185,32.63680818649425,0.18022986696781607
2020-06-13 18:00:00,4135001.0,247.3035714275,23.916964285749998,8295.34821425,6953064.09825,4136001.0,27.24652074051724,27.494417927011494,0.0386720412817988
2020-06-14 00:00:00,4135001.0,0.0,0.0,257.96875,6679633.25,4136001.0,23.73263352413793,22.365315001436784,1.952528353448276e-05
2020-06-14 01:00:00,4135001.0,0.0,0.0,0.0,6843375.0,4136001.0,24.189256482471265,23.408621090229886,2.655227221665e-05
2020-06-14 03:00:00,4135001.0,0.0,0.0,0.0,6663909.5,4136001.0,24.04107619683908,23.155934750574712,3.3092778448275856e-07
2020-06-14 05:00:00,4135001.0,0.0,0.0,0.0,6718959.25,4136001.0,24.025901820977012,23.493059740517243,0.0002408826943
2020-06-14 06:00:00,4135001.0,519.2008928225,50.35892856425,13.8616071425,6663923.361500001,4136001.0,24.510865218103447,24.7685369591954,0.0569062820830459
2020-06-14 07:00:00,4135001.0,3186.01785725,312.8357143,181.86160713499999,7384313.11175,4136001.0,26.092289692528738,30.823683208333335,0.26868465050862067
2020-06-14 08:00:00,4135001.0,4414.45535725,437.010714275,557.035714275,7164135.035499999,4136001.0,27.246731364367815,34.457369489655164,0.3292022301829502
2020-06-14 09:00:00,4135001.0,7464.15625,730.7642857,1103.169642925,6959851.6695,4136001.0,28.51162387442529,39.28912919770114,0.4769844383045977
2020-06-14 10:00:00,4135001.0,9389.13839275,917.8910715,1908.40625,6681541.65625,4136001.0,29.986924026724132,43.59075429482759,0.6531563588074712
2020-06-14 11:00:00,4135001.0,8742.39285725,854.996428575,2857.625,6653209.875,4136001.0,31.478284157471265,48.12930902155172,0.710575245137931
2020-06-14 12:00:00,4135001.0,5412.02678575,529.9544643,3380.2142857500003,6914450.46425,4136001.0,31.673486598850573,48.422061692816094,0.8176647106896552
2020-06-14 13:00:00,4135001.0,7745.758929,756.705357025,3946.580357,7163278.5805,4136001.0,32.57461025862069,51.55884632528736,0.8432881866666666
2020-06-14 14:00:00,4135001.0,10118.544642500001,988.20892865,5564.2723212500005,6872730.7725,4136001.0,32.32115935977011,44.07697423045977,0.5528240707614943
2020-06-14 15:00:00,4135001.0,7631.57142975,746.65714285,5573.89285725,6685207.14275,4136001.0,31.134693378448276,39.33964421724137,0.3786547613275862
2020-06-14 16:00:00,4135001.0,3699.15625,362.83839285,6130.95089275,6685764.201,4136001.0,30.705915716666663,36.64930184885057,0.2557941902873563
2020-06-14 17:00:00,4135001.0,1236.285714175,120.758482135,7101.29910725,6407619.299,4136001.0,26.86755164568965,30.10859218448276,0.13241645765517238
2020-06-14 18:00:00,4135001.0,175.26785715,16.9316964275,6410.25,6686043.5,4136001.0,26.269396721264368,27.00830026321839,0.031968681669976975
2020-06-15 05:00:00,4135001.0,0.0,0.0,0.0,7141602.75,4136001.0,24.475716948563218,23.839087558333333,0.00013758800224453188
2020-06-15 06:00:00,4135001.0,735.959821425,71.59107142775,21.29464285725,6616486.294749999,4136001.0,24.558865503735632,24.85248892873563,0.0458119291781609
2020-06-15 07:00:00,4135001.0,2391.6517857500003,234.51026785,173.32589286,6920370.076,4136001.0,25.788485735919544,29.414829210344827,0.20768797331321834
2020-06-15 08:00:00,4135001.0,7143.15178575,699.479017875,627.8348214499999,6975924.08475,4136001.0,28.12000013821839,37.90445300660919,0.502840461321839
2020-06-15 09:00:00,4135001.0,8455.13839275,827.123660725,1397.21875,6945221.46875,4136001.0,29.161615727011494,39.74456249224138,0.5144264443304597
2020-06-15 10:00:00,4135001.0,9995.45089325,976.592410775,2302.84375,6922499.59375,4136001.0,30.3756102183908,44.69820260229885,0.6632348360517242
2020-06-15 11:00:00,4135001.0,8642.2589285,844.6741071250001,3222.40625,7189040.40625,4136001.0,30.2679015908046,40.837615896551725,0.5001721246551724
2020-06-15 12:00:00,4135001.0,6947.7812505,679.8834821,3901.1339285,6755090.884,4136001.0,30.96683178706897,43.725713093103444,0.5829322874568964
2020-06-15 13:00:00,4135001.0,5795.16517875,567.490178575,4692.9375,7159038.9375,4136001.0,28.361393687356323,34.34163281637931,0.2941830129988505
2020-06-15 14:00:00,4135001.0,6810.1785715000005,666.301339275,5152.29910725,6980448.549000001,4136001.0,28.60323302068965,37.52191154109195,0.456170759729885
2020-06-15 15:00:00,4135001.0,6057.4598215,593.48125,5858.0401784999995,7160204.04025,4136001.0,28.385203475287355,33.88497894913793,0.2952329381091954
2020-06-15 16:00:00,4135001.0,2972.53125025,291.79598215,6265.90625,7176347.90625,4136001.0,27.71493210143678,32.03145381810345,0.24038791653160918
2020-06-15 17:00:00,4135001.0,1897.41071425,185.67410715,6501.01785725,6866483.767750001,4136001.0,27.149407700000005,29.871336446551727,0.10380325357126433
2020-06-15 18:00:00,4135001.0,198.629464285,19.20848214275,6448.09375,6719235.09375,4136001.0,26.28129811293103,26.746029262068966,0.0342350126845402
2020-06-15 19:00:00,4135001.0,0.0,0.0,6641.5,7176723.5,4136001.0,25.69701266408046,24.94048473678161,5.117027083333333e-06
2020-06-16 05:00:00,4135001.0,0.0,0.0,0.0,6692571.75,4136001.0,24.05000010316092,23.112100486206895,7.7415106875e-05
2020-06-16 06:00:00,4135001.0,446.3794643,43.294642855,10.875,6939825.125,4136001.0,24.340898855172416,24.265129974712643,0.041745273089367776
2020-06-16 07:00:00,4135001.0,2535.174107,248.554910725,144.776785725,7131157.77675,4136001.0,25.277812838218388,27.962765097413794,0.1563949780649425
2020-06-16 08:00:00,4135001.0,5144.236607,504.496875,527.183035725,6924616.183,4136001.0,26.577768533045973,32.67720911091955,0.3034315786810345
2020-06-16 09:00:00,4135001.0,7015.46875,686.960714275,1107.50446425,6647968.7545,4136001.0,27.124436097988504,34.24449498362068,0.35657914895977016
2020-06-16 10:00:00,4135001.0,9816.46874975,959.494642975,1966.37053575,6944476.6205,4136001.0,28.338029113505748,38.632805214080456,0.4749512678821838
2020-06-16 11:00:00,4135001.0,7908.937501,773.8080356,2847.486607,6445480.73675,4136001.0,29.15969209051724,41.928772202298845,0.5778680630287355
2020-06-16 12:00:00,4135001.0,5993.8125,587.0580357250001,3473.8125,6943288.0625,4136001.0,29.311245383045975,40.31375399626437,0.4826023248160919
2020-06-16 13:00:00,4135001.0,6695.08035725,655.575,4180.125,7135193.125,4136001.0,29.778514126149425,40.19293403620689,0.4720556914597701
2020-06-16 14:00:00,4135001.0,7084.38839275,693.1758928500001,4749.86160725,6928838.861500001,4136001.0,30.373218036781612,41.59251548649425,0.4882741303821839
2020-06-16 15:00:00,4135001.0,4976.08928575,488.038392875,5388.2410715000005,6652249.491,4136001.0,29.988211448850578,37.909719266091955,0.36431941851724137
2020-06-16 16:00:00,4135001.0,3288.9464285,322.623214275,5814.8839287499995,6948325.13375,4136001.0,29.43497959367816,33.59419955833333,0.16878716565862065
2020-06-16 17:00:00,4135001.0,1490.9151785,145.7361607,5942.4285715,6448575.6785,4136001.0,28.455717454310342,29.903238955172412,0.060501777965804526
2020-06-16 18:00:00,4135001.0,283.67857144,27.45,6117.74553575,6420364.7455,4136001.0,27.473718863505745,27.59088760316092,0.0138816690897126
2020-06-16 23:00:00,4135001.0,0.0,0.0,6294.25,7404570.0,4136001.0,23.833674769070008,22.86897427129049,9.266284051724137e-06
2020-06-17 00:00:00,4135001.0,0.0,0.0,179.90625,6763532.0,4136001.0,24.088090931034483,23.860765204885055,6.078256083333334e-06
2020-06-17 04:00:00,4135001.0,0.0,0.0,0.0,6726943.75,4136001.0,22.871138354885055,22.160935591091953,2.047462850833334e-05
2020-06-17 05:00:00,4135001.0,0.0,0.0,0.0,7170322.25,4136001.0,22.647583400000002,21.9541540795977,4.862778851665e-05
2020-06-17 06:00:00,4135001.0,133.75,12.95,0.0,6476960.0,4136001.0,22.76042755862069,22.350022090229885,0.0210671045913793
2020-06-17 07:00:00,4135001.0,2566.450893,251.774553575,102.09821429750001,6972294.34825,4136001.0,23.28539815689655,23.566335434770117,0.0586618244267241
2020-06-17 08:00:00,4135001.0,3722.705357,365.876785725,426.013392875,6699075.26325,4136001.0,23.907036904022988,25.213101527011496,0.13352965579597698
2020-06-17 09:00:00,4135001.0,5612.41071425,550.0495535499999,880.258928575,6699529.509,4136001.0,24.307959379885055,26.026945716379313,0.2085690561853448
2020-06-17 10:00:00,4135001.0,6406.31696425,627.5825892749999,1458.3526785,6751961.35275,4136001.0,25.986608643965518,31.821512201724136,0.3132498675689655
2020-06-17 11:00:00,4135001.0,8359.75892875,817.5812500000001,2173.6160715,6950806.616,4136001.0,26.719229725574714,33.876010202873566,0.35568850734770113
2020-06-17 12:00:00,4135001.0,10988.25000125,1073.025000225,3165.35714275,6701814.607249999,4136001.0,28.053875253735633,37.65798628074713,0.46131198434770104
2020-06-17 13:00:00,4135001.0,8120.05803575,794.52723215,4075.88839275,6950001.888499999,4136001.0,28.469354123275863,37.63370847729885,0.49228308189080455
2020-06-17 14:00:00,4135001.0,7542.330357,737.9589285750001,4916.4464285,7142162.9465,4136001.0,27.961237246839083,34.624453709482765,0.37770200735057474
2020-06-17 15:00:00,4135001.0,2090.65625,204.5924107,5319.87053575,6935509.8705,4136001.0,27.60984586005747,31.765844029597705,0.2996017970804597
2020-06-17 16:00:00,4135001.0,2470.15178575,242.239285725,5562.0625,6658577.0625,4136001.0,27.591067043678162,31.59799422413793,0.17237202371293098
2020-06-17 17:00:00,4135001.0,1268.4857144,123.44901785249999,5700.33839275,6954333.338500001,4136001.0,26.12817386716301,26.75212099937304,0.06820292557458198
2020-06-17 18:00:00,4135001.0,242.4821428675,23.435714286499998,5678.1651785,6454343.66525,4136001.0,24.867610487356323,25.066801355172412,0.019923065454655126
